{
  "repoSenseVersion": "6dc9ee3595",
  "reportGeneratedTime": "Thu Aug 15 14:12:51 2019 UTC",
  "repos": [
    {
      "location": {
        "location": "https://github.com/reposense/RepoSense.git",
        "repoName": "RepoSense",
        "organization": "reposense"
      },
      "branch": "master",
      "displayName": "reposense/RepoSense[master]",
      "outputFolderName": "reposense_RepoSense_master"
    }
  ],
  "errorList": [],
  "sinceDate": "2019-07-15",
  "untilDate": "2019-08-15",
  "isSinceDateProvided": false,
  "isUntilDateProvided": false
}
