{
  "repoSenseVersion": "816bb1a856",
  "reportGeneratedTime": "Thu Sep 12 14:27:21 2019 UTC",
  "repos": [
    {
      "location": {
        "location": "https://github.com/reposense/RepoSense.git",
        "repoName": "RepoSense",
        "organization": "reposense"
      },
      "branch": "master",
      "displayName": "reposense/RepoSense[master]",
      "outputFolderName": "reposense_RepoSense_master"
    }
  ],
  "errorList": [],
  "sinceDate": "2019-08-12",
  "untilDate": "2019-09-12",
  "isSinceDateProvided": false,
  "isUntilDateProvided": false
}
