{
  "repoSenseVersion": "a90ec6bda5",
  "reportGeneratedTime": "Wed Nov 13 14:58:00 2019 UTC",
  "repos": [
    {
      "location": {
        "location": "https://github.com/reposense/RepoSense.git",
        "repoName": "RepoSense",
        "organization": "reposense"
      },
      "branch": "master",
      "displayName": "reposense/RepoSense[master]",
      "outputFolderName": "reposense_RepoSense_master"
    }
  ],
  "errorList": [],
  "sinceDate": "2018-05-03",
  "untilDate": "2019-11-13",
  "isSinceDateProvided": true,
  "isUntilDateProvided": false
}
