{"repoSenseVersion":"e45c4a99f1","reportGeneratedTime":"Tue May 11 19:36:29 2021 UTC","reportGenerationTime":" 11.01 second(s)","zoneId":"UTC","reportTitle":"RepoSense Report","repos":[{"location":{"location":"https://github.com/reposense/RepoSense.git","repoName":"RepoSense","organization":"reposense"},"branch":"master","displayName":"reposense/RepoSense[master]","outputFolderName":"reposense_RepoSense_master"}],"errorList":[],"sinceDate":"2018-05-03","untilDate":"2021-05-11","isSinceDateProvided":true,"isUntilDateProvided":false}
