{
  "repoSenseVersion": "v1.10",
  "reportGeneratedTime": "Mon Sep 9 14:27:27 2019 UTC",
  "repos": [
    {
      "location": {
        "location": "https://github.com/reposense/RepoSense.git",
        "repoName": "RepoSense",
        "organization": "reposense"
      },
      "branch": "master",
      "displayName": "reposense/RepoSense[master]",
      "outputFolderName": "reposense_RepoSense_master"
    }
  ],
  "errorList": [],
  "sinceDate": "2019-08-09",
  "untilDate": "2019-09-09",
  "isSinceDateProvided": false,
  "isUntilDateProvided": false
}
