{
  "repoSenseVersion": "af04d7f17c",
  "reportGeneratedTime": "Fri Oct 4 14:39:54 2019 UTC",
  "repos": [
    {
      "location": {
        "location": "https://github.com/reposense/RepoSense.git",
        "repoName": "RepoSense",
        "organization": "reposense"
      },
      "branch": "master",
      "displayName": "reposense/RepoSense[master]",
      "outputFolderName": "reposense_RepoSense_master"
    }
  ],
  "errorList": [],
  "sinceDate": "2019-09-04",
  "untilDate": "2019-10-04",
  "isSinceDateProvided": false,
  "isUntilDateProvided": false
}
