{
  "repoSenseVersion": "43dadf14f5",
  "reportGeneratedTime": "Tue Sep 3 14:23:14 2019 UTC",
  "repos": [
    {
      "location": {
        "location": "https://github.com/reposense/RepoSense.git",
        "repoName": "RepoSense",
        "organization": "reposense"
      },
      "branch": "master",
      "displayName": "reposense/RepoSense[master]",
      "outputFolderName": "reposense_RepoSense_master"
    }
  ],
  "errorList": [],
  "sinceDate": "2019-08-03",
  "untilDate": "2019-09-03",
  "isSinceDateProvided": false,
  "isUntilDateProvided": false
}
