{
  "repoSenseVersion": "a98ec7e5c0",
  "reportGeneratedTime": "Mon Oct 14 15:47:28 2019 UTC",
  "repos": [
    {
      "location": {
        "location": "https://github.com/reposense/RepoSense.git",
        "repoName": "RepoSense",
        "organization": "reposense"
      },
      "branch": "master",
      "displayName": "reposense/RepoSense[master]",
      "outputFolderName": "reposense_RepoSense_master"
    }
  ],
  "errorList": [],
  "sinceDate": "2018-05-03",
  "untilDate": "2019-10-14",
  "isSinceDateProvided": true,
  "isUntilDateProvided": false
}
