{
  "repoSenseVersion": "303f41037c",
  "reportGeneratedTime": "Mon Sep 23 14:34:49 2019 UTC",
  "repos": [
    {
      "location": {
        "location": "https://github.com/reposense/RepoSense.git",
        "repoName": "RepoSense",
        "organization": "reposense"
      },
      "branch": "master",
      "displayName": "reposense/RepoSense[master]",
      "outputFolderName": "reposense_RepoSense_master"
    }
  ],
  "errorList": [],
  "sinceDate": "2019-08-23",
  "untilDate": "2019-09-23",
  "isSinceDateProvided": false,
  "isUntilDateProvided": false
}
