{
  "repoSenseVersion": "6003050a7f",
  "reportGeneratedTime": "Sat Aug 3 14:06:49 2019 UTC",
  "repos": [
    {
      "location": {
        "location": "https://github.com/reposense/RepoSense.git",
        "repoName": "RepoSense",
        "organization": "reposense"
      },
      "branch": "master",
      "displayName": "reposense/RepoSense[master]",
      "outputFolderName": "reposense_RepoSense_master"
    }
  ],
  "errorList": [],
  "sinceDate": "2019-07-03",
  "untilDate": "2019-08-03",
  "isSinceDateProvided": false,
  "isUntilDateProvided": false
}
