{
  "repoSenseVersion": "816bb1a856",
  "reportGeneratedTime": "Fri Nov 22 15:02:17 2019 UTC",
  "repos": [
    {
      "location": {
        "location": "https://github.com/reposense/RepoSense.git",
        "repoName": "RepoSense",
        "organization": "reposense"
      },
      "branch": "master",
      "displayName": "reposense/RepoSense[master]",
      "outputFolderName": "reposense_RepoSense_master"
    }
  ],
  "errorList": [],
  "sinceDate": "2018-05-03",
  "untilDate": "2019-11-22",
  "isSinceDateProvided": true,
  "isUntilDateProvided": false
}
