{
  "repoSenseVersion": "v1.10rc2",
  "reportGeneratedTime": "Mon Aug 19 14:14:34 2019 UTC",
  "repos": [
    {
      "location": {
        "location": "https://github.com/reposense/RepoSense.git",
        "repoName": "RepoSense",
        "organization": "reposense"
      },
      "branch": "master",
      "displayName": "reposense/RepoSense[master]",
      "outputFolderName": "reposense_RepoSense_master"
    }
  ],
  "errorList": [],
  "sinceDate": "2019-07-19",
  "untilDate": "2019-08-19",
  "isSinceDateProvided": false,
  "isUntilDateProvided": false
}
