{
  "authorDailyContributionsMap": {
    "ongspxm": [],
    "AdityaA1998": [],
    "yamidark": [],
    "yong24s": [
      {
        "insertions": 18,
        "deletions": 3,
        "date": "2019-06-10",
        "commitResults": [
          {
            "hash": "3c6a148c07376ce2d2dc2a72b07588213cd574c2",
            "message": "[#606] Enable use of deploy key for publishing (#732)",
            "insertions": 18,
            "deletions": 3
          }
        ]
      }
    ],
    "eugenepeh": []
  },
  "authorFinalContributionMap": {
    "ongspxm": 12,
    "AdityaA1998": 1,
    "yamidark": 3,
    "yong24s": 18,
    "eugenepeh": 16
  },
  "authorFileFormatContributionMap": {
    "ongspxm": {
      "gradle": 0,
      "jade": 0,
      "java": 0,
      "js": 0,
      "md": 0,
      "scss": 12,
      "yml": 0
    },
    "AdityaA1998": {
      "gradle": 0,
      "jade": 0,
      "java": 0,
      "js": 0,
      "md": 0,
      "scss": 1,
      "yml": 0
    },
    "yamidark": {
      "gradle": 0,
      "jade": 0,
      "java": 3,
      "js": 0,
      "md": 0,
      "scss": 0,
      "yml": 0
    },
    "yong24s": {
      "gradle": 0,
      "jade": 0,
      "java": 0,
      "js": 0,
      "md": 18,
      "scss": 0,
      "yml": 0
    },
    "eugenepeh": {
      "gradle": 0,
      "jade": 0,
      "java": 0,
      "js": 3,
      "md": 1,
      "scss": 12,
      "yml": 0
    }
  },
  "authorContributionVariance": {
    "ongspxm": 0.0,
    "AdityaA1998": 0.0,
    "yamidark": 0.0,
    "yong24s": 54.0,
    "eugenepeh": 0.0
  },
  "authorDisplayNameMap": {
    "ongspxm": "Metta",
    "AdityaA1998": "Aditya",
    "yamidark": "Jun An",
    "yong24s": "Yong Hao",
    "eugenepeh": "Eugene"
  }
}
