{
  "authorDailyContributionsMap": {
    "ongspxm": [
      {
        "insertions": 1,
        "deletions": 1,
        "date": "2018-05-26",
        "commitResults": [
          {
            "hash": "7278855e14451cee6eb8cafc29086d7afde715f6",
            "message": "[#21] Ramp chart: optimize vertical space (#109)",
            "insertions": 1,
            "deletions": 1
          }
        ]
      },
      {
        "insertions": 20,
        "deletions": 8,
        "date": "2018-07-14",
        "commitResults": [
          {
            "hash": "6df8163cc274b78905e9f175deaa98e15cfdb987",
            "message": "Fix dashboard padding function (#187)",
            "insertions": 20,
            "deletions": 8
          }
        ]
      },
      {
        "insertions": 30,
        "deletions": 713,
        "date": "2018-07-19",
        "commitResults": [
          {
            "hash": "a3e23775486d350afd80af7b5d40c5c89d84d5a2",
            "message": "Remove generated template files from source code (#195)",
            "insertions": 17,
            "deletions": 695
          },
          {
            "hash": "12ab8fafabc9745aed7ca28c5b12d64fa1806e16",
            "message": "[#197, #201] Fix ramp chart positioning (#198)",
            "insertions": 13,
            "deletions": 18
          }
        ]
      },
      {
        "insertions": 21,
        "deletions": 22,
        "date": "2018-07-20",
        "commitResults": [
          {
            "hash": "0d7046fbac81d00491e4e6325007840820d01d5a",
            "message": "Dashboard: remove navigation bar (#171)",
            "insertions": 13,
            "deletions": 16
          },
          {
            "hash": "a3c6bccff3a344f78b0d66a68cab517cf5e908ff",
            "message": "[#156] Dashboard: synchronize code panel display name (#164)",
            "insertions": 8,
            "deletions": 6
          }
        ]
      },
      {
        "insertions": 17,
        "deletions": 26,
        "date": "2018-07-25",
        "commitResults": [
          {
            "hash": "7f2e2e6d1eeca62c5173cfc07124a145829e8ea8",
            "message": "[#214] Fix code panel not showing the correct files (#168)",
            "insertions": 17,
            "deletions": 26
          }
        ]
      },
      {
        "insertions": 51,
        "deletions": 56,
        "date": "2018-07-27",
        "commitResults": [
          {
            "hash": "b078d8abc99e04444a49a1274b354c4748e0e48c",
            "message": "Dashboard: determine date range only after all repo data are loaded (#227)",
            "insertions": 50,
            "deletions": 55
          },
          {
            "hash": "09d28bff3a362d64f238af688bc68fbf4d5cbf6b",
            "message": "[#223] Dashboard: sort by authors by name within repo  (#233)",
            "insertions": 1,
            "deletions": 1
          }
        ]
      },
      {
        "insertions": 75,
        "deletions": 36,
        "date": "2018-07-30",
        "commitResults": [
          {
            "hash": "ea6c774283b3b6b97a74c1d62bbad6252cce80e8",
            "message": "[#224] Dashboard: restore view state using query parameters (#160)",
            "insertions": 70,
            "deletions": 35
          },
          {
            "hash": "dec51805c60b3b7f204f296456e098047aceb9da",
            "message": "Dashboard: fix incompatibility with Microsoft Edge (#252)",
            "insertions": 1,
            "deletions": 1
          },
          {
            "hash": "f0d51489d0127477d5d738f35091c1538fea73cb",
            "message": "[#209] Dashboard: hide overflow elements (#251)",
            "insertions": 4,
            "deletions": 0
          }
        ]
      },
      {
        "insertions": 1,
        "deletions": 1,
        "date": "2018-07-31",
        "commitResults": [
          {
            "hash": "6be4e09b35385a06fb6d6158f093f242ad8bd46d",
            "message": "[#254] Fix dashboard unable to load authorship.json file (#253)",
            "insertions": 1,
            "deletions": 1
          }
        ]
      },
      {
        "insertions": 1,
        "deletions": 0,
        "date": "2018-08-01",
        "commitResults": [
          {
            "hash": "0c62640e96cb022235db0a362d8c5bc0bdb2a209",
            "message": "[#189] Dashboard: fix ramps z-index value (#255)",
            "insertions": 1,
            "deletions": 0
          }
        ]
      },
      {
        "insertions": 3,
        "deletions": 3,
        "date": "2018-08-02",
        "commitResults": [
          {
            "hash": "8ed9b8ddd1b400a8a3ed46ae362c45efafe3d258",
            "message": "[#263] Add timezone to ramp\u0027s github redirect link (#266)",
            "insertions": 3,
            "deletions": 3
          }
        ]
      },
      {
        "insertions": 8,
        "deletions": 4,
        "date": "2018-08-06",
        "commitResults": [
          {
            "hash": "62c0f68866b02222e90016c5f102a7bbcb55783b",
            "message": "Dashboard: enable search to use multiple keywords (#256)",
            "insertions": 8,
            "deletions": 4
          }
        ]
      },
      {
        "insertions": 23,
        "deletions": 28,
        "date": "2018-08-09",
        "commitResults": [
          {
            "hash": "14a7e76b0930b01457c758d5d41c127c743596dd",
            "message": "[#264] Code view: add total number of lines contributed for each file (#282)",
            "insertions": 12,
            "deletions": 2
          },
          {
            "hash": "5aa0913a3a68cfa5f20f7ed502a2efca8785b75b",
            "message": "[#270] Dashboard: remove unused tabs bar in the code view (#285)",
            "insertions": 0,
            "deletions": 17
          },
          {
            "hash": "6cde620ac379109f7f0b93498d29c1cfd221a68f",
            "message": "[#259] Dashboard: add an indicator to code view (#287)",
            "insertions": 10,
            "deletions": 9
          },
          {
            "hash": "c20e0217ed22e8cece0644e4660c83cf6a2c4343",
            "message": "Dashboard: add indication to empty state in code view #291",
            "insertions": 1,
            "deletions": 0
          }
        ]
      },
      {
        "insertions": 33,
        "deletions": 25,
        "date": "2018-08-11",
        "commitResults": [
          {
            "hash": "d22164265ca71046dbcfefc1f853f098ee82dbba",
            "message": "[#258] Dashboard: optimize settings bar to fit various screen sizes (#286)",
            "insertions": 33,
            "deletions": 25
          }
        ]
      },
      {
        "insertions": 9,
        "deletions": 0,
        "date": "2018-08-12",
        "commitResults": [
          {
            "hash": "a39ecf23865c0a65aabb032ad3c5afcf971266aa",
            "message": "[#267] Reduce memory cache in code view (#290)",
            "insertions": 9,
            "deletions": 0
          }
        ]
      },
      {
        "insertions": 100,
        "deletions": 120,
        "date": "2018-08-16",
        "commitResults": [
          {
            "hash": "623a6a7a386a3e566107a79539f6f63fcf34578a",
            "message": "[#289] Code view: tweak code packing algorithm (#292)",
            "insertions": 100,
            "deletions": 120
          }
        ]
      },
      {
        "insertions": 9,
        "deletions": 7,
        "date": "2018-08-17",
        "commitResults": [
          {
            "hash": "f4003495b44a1a236735325e61bf79a57eac095a",
            "message": "[#304] Fix TypeError: \"commits[0] is undefined\" (#303)",
            "insertions": 9,
            "deletions": 7
          }
        ]
      },
      {
        "insertions": 8,
        "deletions": 11,
        "date": "2018-09-06",
        "commitResults": [
          {
            "hash": "7af8404c7634fcc92bdbf363380411c7cb0068ab",
            "message": "[#321] Dashboard: add landing page link in footer (#326)",
            "insertions": 8,
            "deletions": 11
          }
        ]
      },
      {
        "insertions": 18,
        "deletions": 6,
        "date": "2018-10-03",
        "commitResults": [
          {
            "hash": "6a45e4f493956f45dc3658138845b5ee80971b35",
            "message": "[#336] Dashboard crashes when modify date to be out of range (#339)",
            "insertions": 18,
            "deletions": 6
          }
        ]
      },
      {
        "insertions": 19,
        "deletions": 5,
        "date": "2018-10-14",
        "commitResults": [
          {
            "hash": "adec166ee3347f68c0e8fb169e18b19dc375e26c",
            "message": "[#358] Report#datepicker: default value not filled on initial load (#359)",
            "insertions": 19,
            "deletions": 5
          }
        ]
      },
      {
        "insertions": 96,
        "deletions": 10,
        "date": "2018-12-14",
        "commitResults": [
          {
            "hash": "1aeb75f58737fd52fb8d1f8965a243fbaed38f93",
            "message": "DeveloperGuide: update documentation for frontend (#242)",
            "insertions": 96,
            "deletions": 10
          }
        ]
      },
      {
        "insertions": 4,
        "deletions": 1,
        "date": "2019-01-22",
        "commitResults": [
          {
            "hash": "1fe254b9f129339ae400d48f0cd868dbd0d6830c",
            "message": "[#373] Fix typing lag in the report search bar (#495)",
            "insertions": 4,
            "deletions": 1
          }
        ]
      },
      {
        "insertions": 72,
        "deletions": 75,
        "date": "2019-01-30",
        "commitResults": [
          {
            "hash": "a7e6617519f8048c324c5ae07bc829ccd843ea80",
            "message": "[#502] Enable ESLint JavaScript linter on travis (#514)",
            "insertions": 72,
            "deletions": 75
          }
        ]
      },
      {
        "insertions": 162,
        "deletions": 164,
        "date": "2019-02-08",
        "commitResults": [
          {
            "hash": "0fa163e163f63967545349bf921325915fc4c36e",
            "message": "[#468] Add per-commit granularity to the report (#500)",
            "insertions": 162,
            "deletions": 164
          }
        ]
      },
      {
        "insertions": 28,
        "deletions": 17,
        "date": "2019-02-21",
        "commitResults": [
          {
            "hash": "6dd74a04a3d1da6aa3b1636d0b0a7fdd2f873591",
            "message": "Refactor window.location.hash update methods (#558)",
            "insertions": 28,
            "deletions": 17
          }
        ]
      },
      {
        "insertions": 2,
        "deletions": 2,
        "date": "2019-03-07",
        "commitResults": [
          {
            "hash": "6f7ccc20c229f9531b56cb94cf584aa94f7beedd",
            "message": "[#585] Fix linearly unsynchronous ramp charts (#591)",
            "insertions": 2,
            "deletions": 2
          }
        ]
      },
      {
        "insertions": 43,
        "deletions": 48,
        "date": "2019-03-13",
        "commitResults": [
          {
            "hash": "daaed304969cb9694e002f0fa4ff7b6a46d4215e",
            "message": "Refactor toolbar into v-authorship tab (#566)",
            "insertions": 43,
            "deletions": 48
          }
        ]
      },
      {
        "insertions": 2,
        "deletions": 2,
        "date": "2019-04-16",
        "commitResults": [
          {
            "hash": "7640e703acbcfbb55699c80dd4ca53add97511e4",
            "message": "[#603] GitLog: replace author date with commit date (#641)",
            "insertions": 2,
            "deletions": 2
          }
        ]
      },
      {
        "insertions": 284,
        "deletions": 360,
        "date": "2019-05-30",
        "commitResults": [
          {
            "hash": "a6b3cac11da8860c30eacafef8f3a488e9fc31f7",
            "message": "Report: Add zoom in feature for ramp charts (#573)",
            "insertions": 284,
            "deletions": 360
          }
        ]
      }
    ],
    "AdityaA1998": [
      {
        "insertions": 227,
        "deletions": 23,
        "date": "2018-06-07",
        "commitResults": [
          {
            "hash": "00e6e7972cf739a6889ecd6a18199e846387005f",
            "message": "[#98] Implement a logger (#123)",
            "insertions": 227,
            "deletions": 23
          }
        ]
      },
      {
        "insertions": 1,
        "deletions": 12,
        "date": "2018-06-14",
        "commitResults": [
          {
            "hash": "097ff3f7103b4f5bcfc662c55da3e805e3e8423d",
            "message": "[#139] Clean up the logger output  (#145)",
            "insertions": 1,
            "deletions": 12
          }
        ]
      },
      {
        "insertions": 23,
        "deletions": 3,
        "date": "2018-06-18",
        "commitResults": [
          {
            "hash": "8f51595a9394f0e4fb2c09beef668f36b3c91128",
            "message": "[#132] Configure gradle to run with arguments (#136)",
            "insertions": 23,
            "deletions": 3
          }
        ]
      },
      {
        "insertions": 184,
        "deletions": 40,
        "date": "2018-07-15",
        "commitResults": [
          {
            "hash": "e2c8d55addec2fb60d580e749011f0287d584002",
            "message": "FileUtil: add zip function for offline preview (#152)",
            "insertions": 184,
            "deletions": 40
          }
        ]
      },
      {
        "insertions": 148,
        "deletions": 15,
        "date": "2018-07-23",
        "commitResults": [
          {
            "hash": "24365e9a26bb4b10c87c3d65cfce55a91e976fac",
            "message": "Add functionality to start the web server to display the dashboard (#211)",
            "insertions": 148,
            "deletions": 15
          }
        ]
      },
      {
        "insertions": 46,
        "deletions": 7,
        "date": "2018-07-26",
        "commitResults": [
          {
            "hash": "362a7f58a7099459f11eb8b4791898531bba6308",
            "message": "Include timestamp footer in the dashboard (#235)",
            "insertions": 46,
            "deletions": 7
          }
        ]
      },
      {
        "insertions": 51,
        "deletions": 15,
        "date": "2018-08-02",
        "commitResults": [
          {
            "hash": "00d0c190febced8e3088314e2832535c364413d3",
            "message": "[#188] Dashboard: code panel graphical improvement (#257)",
            "insertions": 51,
            "deletions": 15
          }
        ]
      }
    ],
    "yamidark": [
      {
        "insertions": 213,
        "deletions": 262,
        "date": "2018-05-31",
        "commitResults": [
          {
            "hash": "555d0caa633c1037a913857ec17d521a93c3e95b",
            "message": "[#107] Shift from File to Path class (#114)",
            "insertions": 213,
            "deletions": 262
          }
        ]
      },
      {
        "insertions": 36,
        "deletions": 42,
        "date": "2018-06-04",
        "commitResults": [
          {
            "hash": "b7bab4cea243aca7ea857d49d7c3935ee1e276c0",
            "message": "Improve performance (#126)",
            "insertions": 36,
            "deletions": 42
          }
        ]
      },
      {
        "insertions": 1047,
        "deletions": 936,
        "date": "2018-06-22",
        "commitResults": [
          {
            "hash": "87571e26e9792c62b602b2760906db234b68b3c7",
            "message": "[#69] Architecture: apply separation of concern to multiple classes (#147)",
            "insertions": 1047,
            "deletions": 936
          }
        ]
      },
      {
        "insertions": 5,
        "deletions": 5,
        "date": "2018-06-26",
        "commitResults": [
          {
            "hash": "978ec5d5ca50ed96529ce1fb5057563849224fa9",
            "message": "[#131] Redirect functional test to use testrepo (#133)",
            "insertions": 5,
            "deletions": 5
          }
        ]
      },
      {
        "insertions": 128,
        "deletions": 170,
        "date": "2018-07-08",
        "commitResults": [
          {
            "hash": "9bc31f82fe9594b54c77b780f5d670e595cbf1f7",
            "message": "Update developer guide (#151)",
            "insertions": 128,
            "deletions": 170
          }
        ]
      },
      {
        "insertions": 3,
        "deletions": 4,
        "date": "2018-07-10",
        "commitResults": [
          {
            "hash": "f758253fdba88fd3fecd00d082bba202faaa0025",
            "message": "Fix link in README and dependency notes in UserGuide (#175)",
            "insertions": 3,
            "deletions": 4
          }
        ]
      },
      {
        "insertions": 64,
        "deletions": 12,
        "date": "2018-07-12",
        "commitResults": [
          {
            "hash": "968c6a8565bf5a66d18570a2d52dc7ff567ad7dd",
            "message": "[#177] Add more default file types to analyze (#178)",
            "insertions": 64,
            "deletions": 12
          }
        ]
      },
      {
        "insertions": 21,
        "deletions": 3,
        "date": "2018-07-13",
        "commitResults": [
          {
            "hash": "1f222c0fd93fd8c5399a27c18aa03c03871f7cee",
            "message": "[#182, #183] FileInfoExtractor: decode non-UTF-8 characters (#180)",
            "insertions": 21,
            "deletions": 3
          }
        ]
      },
      {
        "insertions": 8,
        "deletions": 8,
        "date": "2018-07-19",
        "commitResults": [
          {
            "hash": "9e374e050fbd53de439592162cf8e190fab5f970",
            "message": "build.gradle: fix output location for jar file (#208)",
            "insertions": 1,
            "deletions": 1
          },
          {
            "hash": "aa36ea50b6bca88b9a0fba38091b7624cc6bc8a8",
            "message": "[#206] Fix different branches of same repository using same display name (#207)",
            "insertions": 7,
            "deletions": 7
          }
        ]
      },
      {
        "insertions": 280,
        "deletions": 30,
        "date": "2018-07-20",
        "commitResults": [
          {
            "hash": "b6d844d42411bb867e865ebc99fb5ebeeefe31d8",
            "message": "Remove copy move detection for CommandRunner#blameRaw (#212)",
            "insertions": 1,
            "deletions": 1
          },
          {
            "hash": "5b5c645f1a276e06954c85d644dfc75f1276fb6a",
            "message": "[#203] Authorship: incorrect line authorship when analyzing date range (#205)",
            "insertions": 279,
            "deletions": 29
          }
        ]
      },
      {
        "insertions": 12,
        "deletions": 3,
        "date": "2018-07-21",
        "commitResults": [
          {
            "hash": "a76a1b4d1492aeb9c8c2662fc9f06d68b21f5c0e",
            "message": "[#215] Extracting info from git diff is not working as expected (#216)",
            "insertions": 12,
            "deletions": 3
          }
        ]
      },
      {
        "insertions": 145,
        "deletions": 40,
        "date": "2018-07-24",
        "commitResults": [
          {
            "hash": "73e1f10510d89d409fd4609f1be744217760ca37",
            "message": "[#218] Add support for file exclusion patterns (#229)",
            "insertions": 145,
            "deletions": 40
          }
        ]
      },
      {
        "insertions": 182,
        "deletions": 77,
        "date": "2018-07-26",
        "commitResults": [
          {
            "hash": "41590a93be29d249e3a6b17612a17f4d01de2670",
            "message": "[#234] Modify analysis of files and commits to be at Author level (#236)",
            "insertions": 165,
            "deletions": 75
          },
          {
            "hash": "14b7c569e65fedaaadbd2f2143f3d383fcb2346f",
            "message": "Fix empty ramps when overriding RepoConfiguration (#243)",
            "insertions": 17,
            "deletions": 2
          }
        ]
      },
      {
        "insertions": 67,
        "deletions": 5,
        "date": "2018-08-16",
        "commitResults": [
          {
            "hash": "cc1cfbf95f8338d114d82899ad15ca6107485bf3",
            "message": "[#299] Fix error matching file path pattern inside file diff result (#300)",
            "insertions": 35,
            "deletions": 4
          },
          {
            "hash": "f6f5f2640e59d76d6a8702ee3586ef654181d1d5",
            "message": "[#301] Hotfix: report folder not generated when failed to analyze repo (#302)",
            "insertions": 32,
            "deletions": 1
          }
        ]
      },
      {
        "insertions": 311,
        "deletions": 53,
        "date": "2018-08-19",
        "commitResults": [
          {
            "hash": "e9bff1bbca722268a3088ec52926e1ec0cfbd2c5",
            "message": "[#246] Add support for repo-level commit exclusion (#261)",
            "insertions": 311,
            "deletions": 53
          }
        ]
      },
      {
        "insertions": 57,
        "deletions": 42,
        "date": "2018-08-29",
        "commitResults": [
          {
            "hash": "9a44435e5c9cdc841d0b51acf01fcb64c093fa85",
            "message": "Clean up build.gradle (#309)",
            "insertions": 44,
            "deletions": 29
          },
          {
            "hash": "f27a1902fe81687c999af012d45753d859ff0313",
            "message": "[#85] Rename functional to systemtest (#306)",
            "insertions": 13,
            "deletions": 13
          }
        ]
      },
      {
        "insertions": 134,
        "deletions": 102,
        "date": "2018-09-27",
        "commitResults": [
          {
            "hash": "f9b37ce7d37f094f0df18096c84d3ce5e0596c25",
            "message": "[#340] Allow non-alpha-numeric characters in GitHub usernames (#347)",
            "insertions": 134,
            "deletions": 102
          }
        ]
      },
      {
        "insertions": 74,
        "deletions": 12,
        "date": "2018-09-28",
        "commitResults": [
          {
            "hash": "1db15975ba82c913195fd7588527f51ff13f6c0b",
            "message": "[#341] Show only authors who have contributed during analysis period (#349)",
            "insertions": 74,
            "deletions": 12
          }
        ]
      },
      {
        "insertions": 15,
        "deletions": 52,
        "date": "2018-10-07",
        "commitResults": [
          {
            "hash": "c05f000e0daf69de292a4c53201fc8c47213fae5",
            "message": "[#357] FileInfoExtractor: use cleaner alternative to extract code change (#361)",
            "insertions": 15,
            "deletions": 52
          }
        ]
      },
      {
        "insertions": 51,
        "deletions": 5,
        "date": "2018-10-15",
        "commitResults": [
          {
            "hash": "be94eedde7dd797793cd29b2af425a5d2e69f486",
            "message": "[#370] Fix uncaught InvalidPathException due to Illegal char \u003c:\u003e in file name (#371)",
            "insertions": 51,
            "deletions": 5
          }
        ]
      },
      {
        "insertions": 27,
        "deletions": 0,
        "date": "2019-01-23",
        "commitResults": [
          {
            "hash": "ad10410d26aba8dbcfe1b13cbcd752ad544accf8",
            "message": "[#297] UserGuide: add FAQ section to address common problems (#494)",
            "insertions": 27,
            "deletions": 0
          }
        ]
      },
      {
        "insertions": 12,
        "deletions": 2,
        "date": "2019-02-24",
        "commitResults": [
          {
            "hash": "ca24a0dfa0d04b633559b8806702ba658a11c255",
            "message": "[#546] FAQ: add another entry to propose email as alternative to GitHub ID (#568)",
            "insertions": 12,
            "deletions": 2
          }
        ]
      }
    ],
    "yong24s": [
      {
        "insertions": 0,
        "deletions": 32,
        "date": "2018-05-17",
        "commitResults": [
          {
            "hash": "9200172371fa1cb70b256a8f48076e8562580d56",
            "message": "[#70] Remove unused class Console (#108)",
            "insertions": 0,
            "deletions": 32
          }
        ]
      },
      {
        "insertions": 201,
        "deletions": 90,
        "date": "2018-05-20",
        "commitResults": [
          {
            "hash": "a97429dc07a67a674190923f4e748c69976d1ec2",
            "message": "Apply single responsibility principle to frontend component (#99)",
            "insertions": 201,
            "deletions": 90
          }
        ]
      },
      {
        "insertions": 367,
        "deletions": 171,
        "date": "2018-06-09",
        "commitResults": [
          {
            "hash": "ec45509189bf4a07654e16b2466ad7fedb1d56bc",
            "message": "Increase parsing capabilities using third-party library (#128)",
            "insertions": 367,
            "deletions": 171
          }
        ]
      },
      {
        "insertions": 5,
        "deletions": 4,
        "date": "2018-06-11",
        "commitResults": [
          {
            "hash": "f22c90cbf5e9fd85d2026884e0daa36e1ccb400e",
            "message": "[#128] Fix failing ArgParser unit tests on Windows systems (#141)",
            "insertions": 5,
            "deletions": 4
          }
        ]
      },
      {
        "insertions": 243,
        "deletions": 144,
        "date": "2018-06-18",
        "commitResults": [
          {
            "hash": "d8e6cdf333f63119df6c4c7097742814b0a40925",
            "message": "[#143] Enable macOS execution environment on Travis-CI (#144)",
            "insertions": 10,
            "deletions": 2
          },
          {
            "hash": "c1cd11ae678c5e1e1ec79b0a6c0388b8ae4e23e9",
            "message": "[#60] Simplify CSV configuration file format (#130)",
            "insertions": 233,
            "deletions": 142
          }
        ]
      },
      {
        "insertions": 49,
        "deletions": 63,
        "date": "2018-07-02",
        "commitResults": [
          {
            "hash": "b789ed919a642d36b12b0c1bc8831d1bb39f87a8",
            "message": "Modification to accommodate netlify (#150)",
            "insertions": 49,
            "deletions": 63
          }
        ]
      },
      {
        "insertions": 25,
        "deletions": 16,
        "date": "2018-07-16",
        "commitResults": [
          {
            "hash": "d1ec823ca24763594b00279ca0b81a70e54ef797",
            "message": "[#194] Fix invalid path when accessing jar resources (#196)",
            "insertions": 25,
            "deletions": 16
          }
        ]
      },
      {
        "insertions": 127,
        "deletions": 48,
        "date": "2018-07-18",
        "commitResults": [
          {
            "hash": "58e63c1c834afe587c28e03c952e8d98a320d7c1",
            "message": "[#56] Add support for user-supplied file formats (#159)",
            "insertions": 127,
            "deletions": 48
          }
        ]
      },
      {
        "insertions": 177,
        "deletions": 124,
        "date": "2018-07-23",
        "commitResults": [
          {
            "hash": "5664a2a039cfc690c1f2bc78fe34e7a96dd9092b",
            "message": "Allow location to be supplied into CSV Config File (#210)",
            "insertions": 177,
            "deletions": 124
          }
        ]
      },
      {
        "insertions": 135,
        "deletions": 64,
        "date": "2018-07-30",
        "commitResults": [
          {
            "hash": "0b001e0804b89b354fef0fd9de1de57787435ca6",
            "message": "[#245] Change -config to use a configuration folder (#249)",
            "insertions": 135,
            "deletions": 64
          }
        ]
      },
      {
        "insertions": 270,
        "deletions": 61,
        "date": "2018-07-31",
        "commitResults": [
          {
            "hash": "9fcb851ab540c8f411f1d8fcdeafb745fc363dc3",
            "message": "Support git and disk location as CLI inputs (#241)",
            "insertions": 270,
            "deletions": 61
          }
        ]
      },
      {
        "insertions": 492,
        "deletions": 190,
        "date": "2018-08-02",
        "commitResults": [
          {
            "hash": "0aeef436ef696b713ca3460c8c0c62e8b39bd5a1",
            "message": "[#244] Add repo file exclusion patterns to standalone config (#248)",
            "insertions": 104,
            "deletions": 61
          },
          {
            "hash": "fa6b680d6a13f9875969f0ed65aacf217d7546a1",
            "message": "[#245] Split repo and author level configurations (#238)",
            "insertions": 388,
            "deletions": 129
          }
        ]
      },
      {
        "insertions": 77,
        "deletions": 5,
        "date": "2018-08-03",
        "commitResults": [
          {
            "hash": "42516d95bd6a5ea31302780a7b5993fb0e4e42c7",
            "message": "[#275] Fix UnsupportedOperationException occurred during ignore glob list merge (#276)",
            "insertions": 2,
            "deletions": 1
          },
          {
            "hash": "d9c1f2d84fb5a40abf3d25de3120e0e97480a82f",
            "message": "Fix creation of many author configs (#278)",
            "insertions": 7,
            "deletions": 3
          },
          {
            "hash": "939d9baa52d7596111f97b3c27b573deb40fa855",
            "message": "Add tests to RepoConfiguration#merge (#279)",
            "insertions": 68,
            "deletions": 1
          }
        ]
      },
      {
        "insertions": 140,
        "deletions": 36,
        "date": "2018-08-11",
        "commitResults": [
          {
            "hash": "51397d39152086b17b01c78e6ece9fb06c8bde30",
            "message": "Add functionality to ignore standalone config #272 (#288)",
            "insertions": 140,
            "deletions": 36
          }
        ]
      },
      {
        "insertions": 162,
        "deletions": 36,
        "date": "2018-08-29",
        "commitResults": [
          {
            "hash": "465acfeaa73530e9386f5aff6cfae864664c0b23",
            "message": "[#271] Support specifying of file formats at repo level (#295)",
            "insertions": 162,
            "deletions": 36
          }
        ]
      },
      {
        "insertions": 86,
        "deletions": 2,
        "date": "2018-09-02",
        "commitResults": [
          {
            "hash": "9583ab23caa4a4d7c599d03faa0651b85f34d515",
            "message": "[#317] Add repo as alias to repos in CLI  (#322)",
            "insertions": 86,
            "deletions": 2
          }
        ]
      },
      {
        "insertions": 152,
        "deletions": 6,
        "date": "2018-10-14",
        "commitResults": [
          {
            "hash": "0337d3666c13d7efbdc3a1ed65ab7155df856dfb",
            "message": "[#366] Fix NullPointerException when accessing unfilled displayName in StandaloneConfig (#368)",
            "insertions": 152,
            "deletions": 6
          }
        ]
      },
      {
        "insertions": 0,
        "deletions": 2,
        "date": "2018-12-11",
        "commitResults": [
          {
            "hash": "f5cfc81e5cee0c28c007453f32e47664dfe960b4",
            "message": "[#413] Update Travis-CI configuration to fix pcre2 dependency (#414)",
            "insertions": 0,
            "deletions": 2
          }
        ]
      },
      {
        "insertions": 70,
        "deletions": 0,
        "date": "2018-12-18",
        "commitResults": [
          {
            "hash": "badbbc063ac8f3fca0073c0af0ca18ef8533b6cc",
            "message": "[#402] Make StandaloneConfig foolproof to exceptions caused by trailing commas (#412)",
            "insertions": 70,
            "deletions": 0
          }
        ]
      },
      {
        "insertions": 93,
        "deletions": 0,
        "date": "2019-01-27",
        "commitResults": [
          {
            "hash": "572763e6690ffc40f92db7a54ff6dcd58e905c06",
            "message": "[#23, #470] Use Travis-CI to automate publishing of report to GitHub Pages (#497)",
            "insertions": 93,
            "deletions": 0
          }
        ]
      },
      {
        "insertions": 6,
        "deletions": 8,
        "date": "2019-02-12",
        "commitResults": [
          {
            "hash": "f86a52617ee8ab13cdf696c0e196fdc90cf5f778",
            "message": "Remove redundant commands in Travis config (#551)",
            "insertions": 6,
            "deletions": 8
          }
        ]
      },
      {
        "insertions": 4,
        "deletions": 3,
        "date": "2019-02-17",
        "commitResults": [
          {
            "hash": "9d19b75cbf36c47a50d419c1403875f2bafde02a",
            "message": "[#537] build.gradle: fix files compilation order (#552)",
            "insertions": 2,
            "deletions": 1
          },
          {
            "hash": "c8b0fa6e4f670b073f5b52cc3cdeef7324a393ce",
            "message": "[#537] build.gradle: change tasks dependencies to compileJava (#563)",
            "insertions": 2,
            "deletions": 2
          }
        ]
      },
      {
        "insertions": 2,
        "deletions": 1,
        "date": "2019-02-20",
        "commitResults": [
          {
            "hash": "afd231700b71029ecf2c57f54d083759d7f1fb12",
            "message": "[#557] Travis: check scripts do not work in Travis macOS environment (#559)",
            "insertions": 2,
            "deletions": 1
          }
        ]
      },
      {
        "insertions": 18,
        "deletions": 5,
        "date": "2019-02-21",
        "commitResults": [
          {
            "hash": "b3425d2f1d61074f6ae4cd4ef6c796d04885a6f3",
            "message": "Downgrade to JDK8 in CIs (#556)",
            "insertions": 18,
            "deletions": 5
          }
        ]
      },
      {
        "insertions": 65,
        "deletions": 1,
        "date": "2019-02-25",
        "commitResults": [
          {
            "hash": "c94360eb807f60d22601ec96944d391f82a36516",
            "message": "[#480] Use Cypress to automate front-end testing (#555)",
            "insertions": 65,
            "deletions": 1
          }
        ]
      },
      {
        "insertions": 196,
        "deletions": 13,
        "date": "2019-04-04",
        "commitResults": [
          {
            "hash": "fed37581bbf17ae61a587256633be47924284b70",
            "message": "[#391] GitLsTree: validate filepaths before cloning (#564)",
            "insertions": 196,
            "deletions": 13
          }
        ]
      },
      {
        "insertions": 7,
        "deletions": 7,
        "date": "2019-04-20",
        "commitResults": [
          {
            "hash": "5e556b9a4fdb892037da6395bf98606fbce52c64",
            "message": "[#648]: .travis.yml: change oraclejdk8 to openjdk8 (#650)",
            "insertions": 7,
            "deletions": 7
          }
        ]
      },
      {
        "insertions": 18,
        "deletions": 3,
        "date": "2019-06-10",
        "commitResults": [
          {
            "hash": "3c6a148c07376ce2d2dc2a72b07588213cd574c2",
            "message": "[#606] Enable use of deploy key for publishing (#732)",
            "insertions": 18,
            "deletions": 3
          }
        ]
      }
    ],
    "eugenepeh": [
      {
        "insertions": 38,
        "deletions": 3,
        "date": "2018-05-03",
        "commitResults": [
          {
            "hash": "203b9f613c30e0b51c658af4b5e0f243b3e6ad23",
            "message": "DeveloperGuide: add setup instructions",
            "insertions": 38,
            "deletions": 3
          }
        ]
      },
      {
        "insertions": 39,
        "deletions": 17,
        "date": "2018-05-05",
        "commitResults": [
          {
            "hash": "3a20d00fa1fd666648d9b07d26965205598fef78",
            "message": "Setup travis to execute test code",
            "insertions": 21,
            "deletions": 0
          },
          {
            "hash": "21a4d1d779944b2926e688543d704058d1bebb04",
            "message": "Travis: add files standardization tests",
            "insertions": 2,
            "deletions": 1
          },
          {
            "hash": "e5db496348644ac49ad95cf61570c7a6f44fbacd",
            "message": "Fix file standardization violations",
            "insertions": 16,
            "deletions": 16
          }
        ]
      },
      {
        "insertions": 720,
        "deletions": 729,
        "date": "2018-05-06",
        "commitResults": [
          {
            "hash": "213c4ebbc4e4a1e2c1a181a8c7500e40c7d88c93",
            "message": "Checkstyle: fix some violations 1",
            "insertions": 116,
            "deletions": 125
          },
          {
            "hash": "04fa0b31e8823bd1123dec0e574afacbe00bc952",
            "message": "Checkstyle: fix some violations 2",
            "insertions": 115,
            "deletions": 118
          },
          {
            "hash": "2d1718d39fdd0ddf60ed3420ae0e833b03520f76",
            "message": "Checkstyle: fix some violations 3",
            "insertions": 110,
            "deletions": 83
          },
          {
            "hash": "d3e40705850b412f1b6c6106a372f0f65201d30b",
            "message": "Checkstyle: fix some violations 4",
            "insertions": 105,
            "deletions": 100
          },
          {
            "hash": "52d21b94e74e15ed2950861237f6fcc891018974",
            "message": "Checkstyle: fix some violations 5",
            "insertions": 102,
            "deletions": 106
          },
          {
            "hash": "dac1e7be406ff32fa256bb6892bd88ab308d2dce",
            "message": "Checkstyle: fix some violations 6",
            "insertions": 95,
            "deletions": 100
          },
          {
            "hash": "3f8aedddd19a1de1ea7abbfb26c9df15fe7bac2e",
            "message": "Checkstyle: fix some violations 7",
            "insertions": 67,
            "deletions": 94
          },
          {
            "hash": "d8a264aa4bb443a4526d8ae6ed11667e1b86c8ff",
            "message": "Travis: add checkstyle to CI test",
            "insertions": 10,
            "deletions": 3
          }
        ]
      },
      {
        "insertions": 2,
        "deletions": 0,
        "date": "2018-05-07",
        "commitResults": [
          {
            "hash": "3e3ac2c1fa4d047d0546d2cb1a8f1bf38e0e7ab3",
            "message": "[#64] README: embed travis status badge (#67)",
            "insertions": 2,
            "deletions": 0
          }
        ]
      },
      {
        "insertions": 2,
        "deletions": 2,
        "date": "2018-05-09",
        "commitResults": [
          {
            "hash": "b75bb63c782a116ebddad44a397648ea6ee4d666",
            "message": "[#73] Move test repository inside reposense organisation (#74)",
            "insertions": 2,
            "deletions": 2
          }
        ]
      },
      {
        "insertions": 85,
        "deletions": 199,
        "date": "2018-05-10",
        "commitResults": [
          {
            "hash": "bd8b646a4fbc7bb7119af0cfed2dd60f811ad44d",
            "message": "[#70] Remove GUI (#77)",
            "insertions": 29,
            "deletions": 182
          },
          {
            "hash": "a1e09df663b68cba810023fcf565cb5f2a041298",
            "message": "Docs: add work process guidelines (#75)",
            "insertions": 27,
            "deletions": 2
          },
          {
            "hash": "134c4e0cf4e01fc28362cd918eaa495c36996ce3",
            "message": "Gradle: replace build with shadowJar plugin (#68)",
            "insertions": 29,
            "deletions": 15
          }
        ]
      },
      {
        "insertions": 210,
        "deletions": 166,
        "date": "2018-05-12",
        "commitResults": [
          {
            "hash": "ef2238a6f48fb7c641224b1807bb367e938f090c",
            "message": " Prefix all packages with organisation name (#80)",
            "insertions": 155,
            "deletions": 153
          },
          {
            "hash": "ed7a056fbb03213af4731791404a2b37f0d0ea16",
            "message": "Docs: add using Checkstyle-IDEA plugin on IntelliJ (#76)",
            "insertions": 44,
            "deletions": 1
          },
          {
            "hash": "9be121951f0e1bd9948fe7e34485ee721a62ed8a",
            "message": "Gradle: upgrade to version 4.7 (#83)",
            "insertions": 11,
            "deletions": 12
          }
        ]
      },
      {
        "insertions": 1,
        "deletions": 1,
        "date": "2018-05-14",
        "commitResults": [
          {
            "hash": "0029569a040f466229c8e6e0027f01ae6082d107",
            "message": "Fix main class could not be found (#89)",
            "insertions": 1,
            "deletions": 1
          }
        ]
      },
      {
        "insertions": 1,
        "deletions": 1,
        "date": "2018-05-15",
        "commitResults": [
          {
            "hash": "5aedfc3b781d035283f0d9dd77d4c03c2f0ec2bf",
            "message": "Travis: add functional to CI test (#96)",
            "insertions": 1,
            "deletions": 1
          }
        ]
      },
      {
        "insertions": 78,
        "deletions": 132,
        "date": "2018-05-16",
        "commitResults": [
          {
            "hash": "4dec6640ef992114dbf32a5e0721a0dcf8db8f88",
            "message": "[#72] Remove threading (#104)",
            "insertions": 36,
            "deletions": 74
          },
          {
            "hash": "b6258ed06e0a2aaaaa050516740548b3c1d41a4d",
            "message": "[#69] Remove RepoInfo\u0027s dependency on FileInfo (#95)",
            "insertions": 42,
            "deletions": 58
          }
        ]
      },
      {
        "insertions": 64,
        "deletions": 13,
        "date": "2018-05-24",
        "commitResults": [
          {
            "hash": "0f12e9466616d8fc26e4efe952190f74383e7e8c",
            "message": "TestUtil: add file content comparison method (#122)",
            "insertions": 64,
            "deletions": 13
          }
        ]
      },
      {
        "insertions": 148,
        "deletions": 394288,
        "date": "2018-05-25",
        "commitResults": [
          {
            "hash": "e23463a59d73fb87c1dfea588e3eb4bc4daf9c2b",
            "message": "Split contribution summary by repository #69 (#111)",
            "insertions": 148,
            "deletions": 394288
          }
        ]
      },
      {
        "insertions": 10,
        "deletions": 5,
        "date": "2018-05-31",
        "commitResults": [
          {
            "hash": "b686f101af317bdd361153af72ee0932efa338c0",
            "message": "Fix datetime inconsistency (#125)",
            "insertions": 10,
            "deletions": 5
          }
        ]
      },
      {
        "insertions": 19,
        "deletions": 0,
        "date": "2018-06-12",
        "commitResults": [
          {
            "hash": "842e8a512ed62d72907b0652ce1e3806196a2f47",
            "message": "Setup AppVeyor CI (#142)",
            "insertions": 19,
            "deletions": 0
          }
        ]
      },
      {
        "insertions": 107,
        "deletions": 66,
        "date": "2018-06-20",
        "commitResults": [
          {
            "hash": "e3b30542a0687cd8d3dc8804f3e68767cb74dba9",
            "message": "[#140] Cleanup user guide (#146)",
            "insertions": 107,
            "deletions": 66
          }
        ]
      },
      {
        "insertions": 2085,
        "deletions": 481,
        "date": "2018-07-12",
        "commitResults": [
          {
            "hash": "c247eeb36846b17006169d0f477b6b49f1db8729",
            "message": "Dashboard revamp (#163)",
            "insertions": 2085,
            "deletions": 481
          }
        ]
      },
      {
        "insertions": 7,
        "deletions": 2,
        "date": "2018-08-04",
        "commitResults": [
          {
            "hash": "4913e50ff961a5e6f93997bb8de4739515e3b502",
            "message": "[#226] Add clickable link to repositories (#281)",
            "insertions": 7,
            "deletions": 2
          }
        ]
      },
      {
        "insertions": 294,
        "deletions": 19,
        "date": "2018-08-06",
        "commitResults": [
          {
            "hash": "8dccfd4737b6f7ba287e6a0d92ed53dc0ca248cd",
            "message": "Security patch for using remote data as params (#283)",
            "insertions": 294,
            "deletions": 19
          }
        ]
      },
      {
        "insertions": 163,
        "deletions": 24,
        "date": "2018-08-14",
        "commitResults": [
          {
            "hash": "265444825eec87e4f6881629ccdadb13a13e7193",
            "message": "[#293] List RepoSense team in the README.md (#296)",
            "insertions": 11,
            "deletions": 0
          },
          {
            "hash": "504a76879f8e6df1601d43842e1c8f141eb3e8eb",
            "message": "[#277] Make authors configuration completely optional (#294)",
            "insertions": 152,
            "deletions": 24
          }
        ]
      },
      {
        "insertions": 18,
        "deletions": 0,
        "date": "2018-08-25",
        "commitResults": [
          {
            "hash": "87c25b058e297ed0356a7c5c2d6b6808f7fd3c0d",
            "message": "[#36] Code view: add controls to expand/collapse all files (#307)",
            "insertions": 18,
            "deletions": 0
          }
        ]
      },
      {
        "insertions": 2,
        "deletions": 0,
        "date": "2018-08-26",
        "commitResults": [
          {
            "hash": "bd044048a9fdd3d26abf6ada4b6bcfe74655dd63",
            "message": "README: update badges (#313)",
            "insertions": 2,
            "deletions": 0
          }
        ]
      },
      {
        "insertions": 12,
        "deletions": 5,
        "date": "2018-08-27",
        "commitResults": [
          {
            "hash": "7ea9c0cb315b3aafe19287dc019ae986cc5a4554",
            "message": "[#311] code view: differentiate untouched code more (#314)",
            "insertions": 12,
            "deletions": 5
          }
        ]
      },
      {
        "insertions": 56,
        "deletions": 13,
        "date": "2018-09-01",
        "commitResults": [
          {
            "hash": "5b060821d2a5dc46e421da59c539c433cae90916",
            "message": "[#325] Replace the usage of findstr and grep (#324)",
            "insertions": 55,
            "deletions": 12
          },
          {
            "hash": "eb4fa98bd0bf115e7068dd05e25dc68ae6c181e7",
            "message": "README: update url to UserGuide (#327)",
            "insertions": 1,
            "deletions": 1
          }
        ]
      },
      {
        "insertions": 29,
        "deletions": 14,
        "date": "2018-09-04",
        "commitResults": [
          {
            "hash": "37fdfff32352fe0fdb2e90e603864885d2911705",
            "message": "[#328] UserGuide: add instruction for multi-value fields and columns (#333)",
            "insertions": 29,
            "deletions": 14
          }
        ]
      },
      {
        "insertions": 92,
        "deletions": 57,
        "date": "2018-09-10",
        "commitResults": [
          {
            "hash": "e0d1290cbbb923dedc08b2159deb417b2204533b",
            "message": "[#329] UserGuide: clean up and rearrange sections (#334)",
            "insertions": 92,
            "deletions": 57
          }
        ]
      },
      {
        "insertions": 30,
        "deletions": 30,
        "date": "2018-09-15",
        "commitResults": [
          {
            "hash": "3d73cf6420bffd1536b53a1bbe2396f99ccc48af",
            "message": "[#331] UserGuide: update outdated content (#335)",
            "insertions": 30,
            "deletions": 30
          }
        ]
      },
      {
        "insertions": 13,
        "deletions": 10,
        "date": "2018-09-28",
        "commitResults": [
          {
            "hash": "87f7b567fbbed0e98a1b0aaeba65cd36562b24a2",
            "message": "[#342] Fix inconsistent length of contribution bar (#346)",
            "insertions": 13,
            "deletions": 10
          }
        ]
      },
      {
        "insertions": 7,
        "deletions": 1,
        "date": "2018-10-03",
        "commitResults": [
          {
            "hash": "72750365e15bfb8906c90286b95d3841acf32f68",
            "message": "[#354] granularity#week: fix url not using correct time gap (#355)",
            "insertions": 7,
            "deletions": 1
          }
        ]
      },
      {
        "insertions": 19,
        "deletions": 3,
        "date": "2018-10-05",
        "commitResults": [
          {
            "hash": "308e4078d91a69826909ade4b029a60ff68e4f19",
            "message": "Fix error occurred from file change due to permission bits modification (#356)",
            "insertions": 19,
            "deletions": 3
          }
        ]
      },
      {
        "insertions": 9,
        "deletions": 1,
        "date": "2018-10-10",
        "commitResults": [
          {
            "hash": "8229759332add46aa499d92a303d23e74a8b8e15",
            "message": "[#363] Make the commits info analysis case insensitive (#364)",
            "insertions": 9,
            "deletions": 1
          }
        ]
      },
      {
        "insertions": 2,
        "deletions": 1,
        "date": "2018-10-21",
        "commitResults": [
          {
            "hash": "0a673c60e93fed29250210f0baa2a6d0995e5f99",
            "message": "UserGuide: add commit reminder and instructions (#381)",
            "insertions": 2,
            "deletions": 1
          }
        ]
      },
      {
        "insertions": 46,
        "deletions": 24,
        "date": "2018-11-10",
        "commitResults": [
          {
            "hash": "886dee0b1f164649e674d6c374b138d88acd1828",
            "message": "[#395] Fix unhandled IllegalArgumentException in RepoConfiguration#update (#397)",
            "insertions": 46,
            "deletions": 24
          }
        ]
      },
      {
        "insertions": 7,
        "deletions": 2,
        "date": "2018-11-12",
        "commitResults": [
          {
            "hash": "3d393c513a262d612629bf2eb6511cd04d6bad87",
            "message": "[#391, #398, #399] Hotfix for outburst of RuntimeException (#400)",
            "insertions": 7,
            "deletions": 2
          }
        ]
      },
      {
        "insertions": 717,
        "deletions": 582,
        "date": "2018-12-22",
        "commitResults": [
          {
            "hash": "dda75347ebbc305da0d2e20f7fa07423b352b52d",
            "message": "[#310] Apply SRP to various git commands (#408)",
            "insertions": 717,
            "deletions": 582
          }
        ]
      },
      {
        "insertions": 2,
        "deletions": 2,
        "date": "2019-01-12",
        "commitResults": [
          {
            "hash": "10fa5d269faf76e72d87aca9ded21babf9f4342e",
            "message": "[#471] Fix broken link on ramps (#472)",
            "insertions": 2,
            "deletions": 2
          }
        ]
      },
      {
        "insertions": 230,
        "deletions": 90,
        "date": "2019-01-22",
        "commitResults": [
          {
            "hash": "5ab03229f29254659ec48752178d5b156e900ef3",
            "message": "[#375] Config: add new parameter - author\u0027s email (#493)",
            "insertions": 230,
            "deletions": 90
          }
        ]
      },
      {
        "insertions": 4,
        "deletions": 2,
        "date": "2019-01-24",
        "commitResults": [
          {
            "hash": "2f183c3d5f294d020418dfe94200eda5891512c7",
            "message": "[#399] Fix RuntimeException due to ambiguous argument in git rev-list (#505)",
            "insertions": 4,
            "deletions": 2
          }
        ]
      },
      {
        "insertions": 105,
        "deletions": 69,
        "date": "2019-03-09",
        "commitResults": [
          {
            "hash": "7c06d6928ebf4ca1e1d662c60060c485b2903622",
            "message": "[#587] Fix unoriented output messages (#593)",
            "insertions": 105,
            "deletions": 69
          }
        ]
      },
      {
        "insertions": 30,
        "deletions": 10,
        "date": "2019-03-25",
        "commitResults": [
          {
            "hash": "19e32944d4c67ed0b6bdc5697016536cc9e17ed9",
            "message": "[#622] CsvParser#parse: fix error handling of `processLine` (#623)",
            "insertions": 30,
            "deletions": 10
          }
        ]
      }
    ]
  },
  "authorFinalContributionMap": {
    "ongspxm": 660,
    "AdityaA1998": 373,
    "yamidark": 1754,
    "yong24s": 1914,
    "eugenepeh": 2215
  },
  "authorFileFormatContributionMap": {
    "ongspxm": {
      "gradle": 5,
      "jade": 0,
      "java": 91,
      "js": 415,
      "md": 69,
      "scss": 80,
      "yml": 0
    },
    "AdityaA1998": {
      "gradle": 2,
      "jade": 0,
      "java": 359,
      "js": 2,
      "md": 5,
      "scss": 5,
      "yml": 0
    },
    "yamidark": {
      "gradle": 28,
      "jade": 0,
      "java": 1574,
      "js": 3,
      "md": 148,
      "scss": 0,
      "yml": 1
    },
    "yong24s": {
      "gradle": 34,
      "jade": 0,
      "java": 1709,
      "js": 0,
      "md": 130,
      "scss": 0,
      "yml": 41
    },
    "eugenepeh": {
      "gradle": 8,
      "jade": 0,
      "java": 1462,
      "js": 355,
      "md": 129,
      "scss": 231,
      "yml": 30
    }
  },
  "authorContributionVariance": {
    "ongspxm": 2921.3657,
    "AdityaA1998": 360.62234,
    "yamidark": 11436.279,
    "yong24s": 3468.1587,
    "eugenepeh": 3.84138464E8
  },
  "authorDisplayNameMap": {
    "ongspxm": "Metta",
    "AdityaA1998": "Aditya",
    "yamidark": "Jun An",
    "yong24s": "Yong Hao",
    "eugenepeh": "Eugene"
  }
}
