{
  "authorDailyContributionsMap": {
    "ongspxm": [],
    "AdityaA1998": [],
    "yamidark": [],
    "yong24s": [],
    "eugenepeh": []
  },
  "authorFinalContributionMap": {
    "ongspxm": 82,
    "AdityaA1998": 15,
    "yamidark": 2,
    "yong24s": 1,
    "eugenepeh": 129
  },
  "authorFileFormatContributionMap": {
    "ongspxm": {
      "gradle": 0,
      "jade": 0,
      "java": 0,
      "js": 18,
      "md": 0,
      "scss": 64,
      "yml": 0
    },
    "AdityaA1998": {
      "gradle": 0,
      "jade": 0,
      "java": 14,
      "js": 0,
      "md": 0,
      "scss": 1,
      "yml": 0
    },
    "yamidark": {
      "gradle": 0,
      "jade": 0,
      "java": 2,
      "js": 0,
      "md": 0,
      "scss": 0,
      "yml": 0
    },
    "yong24s": {
      "gradle": 0,
      "jade": 0,
      "java": 1,
      "js": 0,
      "md": 0,
      "scss": 0,
      "yml": 0
    },
    "eugenepeh": {
      "gradle": 0,
      "jade": 0,
      "java": 1,
      "js": 0,
      "md": 0,
      "scss": 128,
      "yml": 0
    }
  },
  "authorContributionVariance": {
    "ongspxm": 0.0,
    "AdityaA1998": 0.0,
    "yamidark": 0.0,
    "yong24s": 0.0,
    "eugenepeh": 0.0
  },
  "authorDisplayNameMap": {
    "ongspxm": "Metta",
    "AdityaA1998": "Aditya",
    "yamidark": "Jun An",
    "yong24s": "Yong Hao",
    "eugenepeh": "Eugene"
  }
}
